Threshold,Accuracy,Precision,Recall,F1,Fraud_Precision,Fraud_Recall,Fraud_F1
0.05,0.3809275664408546,0.6326430004317628,0.5860150025697513,0.3738655946525147,0.2831697564521992,0.9898348157560356,0.44036178631995476
0.06,0.3826993225638353,0.6322868026783085,0.5869046962453294,0.3759479521356899,0.28364917395529643,0.9889877170690385,0.4408571698291324
0.07,0.3849921834288692,0.6328183469133793,0.5884252934253127,0.37856223755150686,0.2844092570036541,0.9889877170690385,0.44177466654053543
0.08,0.38686816050026057,0.6325143335593648,0.5893841051545264,0.38074641428707134,0.2849291646311676,0.9881406183820415,0.4423168072803109
0.09,0.38863991662324127,0.6325664259076793,0.5904164554482181,0.3827788853577922,0.28546945770596155,0.987717069038543,0.44292497625830957
0.1,0.38999478895257944,0.6328857944167947,0.5913149901454811,0.3843097405472262,0.2859244727807749,0.987717069038543,0.4434724731387278
0.11,0.3917665450755602,0.6329465415055244,0.5923473404391728,0.38633129515082176,0.28646921469829173,0.9872935196950444,0.4440845875404839
0.12,0.3941636268890047,0.6317722888830184,0.5932237725822236,0.3891414826608548,0.2870187561697927,0.9851757729775519,0.4445293836598184
0.13,0.3966649296508598,0.6310268483191657,0.5943119793970236,0.3920274496400196,0.28766105054509417,0.9834815756035579,0.4451260423655708
0.14,0.40083376758728506,0.6288066321238295,0.5956501353613115,0.3968684196079192,0.28856714927608584,0.9792460821685727,0.4457726790706642
0.15,0.406774361646691,0.6254568115842254,0.5973073585287229,0.4036995848336177,0.2897892212545753,0.9724692926725964,0.44651886425515364
0.16,0.4129233976029182,0.6220171867187543,0.5988175045671782,0.410664766324205,0.29100664282064387,0.9648454044896231,0.4471488860535872
0.17,0.4201146430432517,0.615934348540541,0.599164295106512,0.4187612417405243,0.291931921527868,0.951715374841169,0.44680851063829785
0.18,0.43064095883272535,0.6107154353774344,0.6010095802716172,0.4301203768104834,0.29385964912280704,0.9364675984752223,0.4473444613050076
0.19,0.4436685773840542,0.6040650236910332,0.6022311928341587,0.4436460909362194,0.2959561343385881,0.9144430326132994,0.4471830985915493
0.2,0.4607608129233976,0.5950263680551868,0.6018687109450794,0.4603429340334002,0.29811970719104347,0.879711986446421,0.44532590051457976
0.21,0.48045857217300675,0.5857136974320828,0.5998104215621629,0.47792814848284776,0.3001827596710326,0.8348157560355781,0.4415817183824353
0.22,0.5040125065138092,0.5780934578563581,0.5975990244196046,0.4968601223891205,0.30311986863711,0.7818720880982635,0.43687137616850075
0.23,0.5303804064616988,0.5720406905769556,0.5946859955991619,0.5154732066923067,0.30679156908665106,0.7213045319779754,0.4304853387259858
0.24,0.554872329338197,0.5657078346028291,0.5883889925415736,0.5293590619642408,0.309,0.6543837357052097,0.4197799212063578
0.25,0.5886399166232412,0.5677617754437301,0.5906686587654866,0.5491407725799621,0.31952662721893493,0.5946632782719187,0.4156920799407846
0.26,0.6157373632100052,0.5673611616760437,0.587098203375584,0.5604847811642083,0.3269832985386221,0.5307073274036426,0.4046504117552075
0.27,0.6447107868681605,0.5718369896756481,0.5871970354590546,0.5722999371277663,0.34053560559951307,0.47395171537484115,0.39631662829821146
0.28,0.6654507556018759,0.5727831573065383,0.5812649148328572,0.5751795255619309,0.3489861259338314,0.4155019059720457,0.37935034802784223
0.29,0.687441375716519,0.5809810106347244,0.582011132192947,0.5814756896939937,0.36741479634247715,0.37441761965268955,0.37088315502412417
0.3,0.7048462741010943,0.5873241303189187,0.5784322456300469,0.5816389837190938,0.38381845091267885,0.32952138924184665,0.35460346399270737
0.31,0.7197498697238145,0.5978898055751021,0.5786154772682109,0.5836395204356764,0.4061784897025172,0.30072003388394747,0.34558286687758577
0.32,0.7289213131839499,0.6031707712752699,0.5734279931571663,0.5784942866276245,0.4201065246338216,0.2672596357475646,0.3266891017344033
0.33,0.7397602918186555,0.615936535693113,0.5723421868846781,0.5769830675213785,0.4469578783151326,0.24269377382465057,0.31457589898435356
0.34,0.7468473163105784,0.626013512141845,0.5690534439175352,0.5720686384405328,0.4691470054446461,0.2189750105887336,0.29858504187120993
0.35,0.7540385617509119,0.6412918726973047,0.5682589815119599,0.5698141865988386,0.5005235602094241,0.2024565861922914,0.2882991556091677
0.36,0.7606044815007816,0.6600242038562998,0.5689043468200484,0.5693752396040632,0.5380952380952381,0.19144430326132994,0.28241174632927213
0.37,0.7638353309015112,0.6721113870419433,0.5667673079393429,0.5652311193229991,0.5634178905206942,0.17873782295637441,0.27138263665594853
0.38,0.7660239708181344,0.6831297637725557,0.5639390885222811,0.5599583131680352,0.5868263473053892,0.1660313426514189,0.2588312974579069
0.39,0.7686294945284002,0.6990321864276862,0.5618153111741029,0.5553790598647408,0.6196943972835314,0.15459551037695893,0.24745762711864408
0.4,0.7708181344450235,0.7137655536502343,0.5614122542649733,0.5537460469720699,0.6494464944649446,0.1490893689114782,0.24250775060282467
0.41,0.7725898905680042,0.7285316014614982,0.5607327251413012,0.5517219155614747,0.6793587174348698,0.14358322744599747,0.23706293706293707
0.42,0.7742574257425743,0.7431934026090041,0.5606973610545617,0.5508538949133008,0.708779443254818,0.1401948326980093,0.2340876944837341
0.43,0.7759249609171444,0.7616250031152934,0.5602340271134814,0.5491465600139872,0.745920745920746,0.1355357899195256,0.22939068100358423
0.44,0.7768629494528401,0.773396498035374,0.56000014988752,0.5482074246770089,0.7696078431372549,0.1329944938585345,0.22679667750090285
0.45,0.7774882751433038,0.7819457386280568,0.559844231736879,0.5475698414863149,0.7868020304568528,0.13130029648454045,0.2250453720508167
0.46,0.7774882751433038,0.7870184481823115,0.5588456354100835,0.5456460350654557,0.7973684210526316,0.12833545108005082,0.2210871944545786
0.47,0.7781136008337676,0.8001783270221836,0.558119090786988,0.5438670290795402,0.8240223463687151,0.12494705633206268,0.21699154100772342
0.48,0.7779051589369463,0.8022792242911226,0.5572675715891485,0.542313547557672,0.8285714285714286,0.1228293096145701,0.21394319439321283
0.49,0.7789473684210526,0.8155994855644186,0.557816095507391,0.5427688908153816,0.8550295857988166,0.12240576027107158,0.21415339014449797
0.5,0.7789473684210526,0.8197836432321052,0.5572454690349363,0.541631961343828,0.8636363636363636,0.1207115628970775,0.21181716833890746
0.51,0.7790515893694633,0.8233026304870965,0.5570292738523447,0.5411342776985132,0.8707692307692307,0.11986446421008047,0.21072226358897989
0.52,0.7792600312662845,0.8283215795371749,0.5568821967233886,0.540707802598154,0.8808777429467085,0.11901736552308344,0.20970149253731343
0.53,0.7793642522146952,0.8309030463507499,0.5568086581589106,0.5404936842303143,0.8860759493670886,0.11859381617958492,0.20918939110945087
0.54,0.7793642522146952,0.8321028784922556,0.5566660015407968,0.5402058168586473,0.8885350318471338,0.1181702668360864,0.2085981308411215
0.55,0.7795726941115164,0.8349749127851573,0.5568042376480681,0.5403521603800104,0.8942307692307693,0.1181702668360864,0.20875420875420875
0.56,0.7795726941115164,0.8362169298382753,0.5566615810299544,0.5400636762645531,0.896774193548387,0.11774671749258789,0.20816173717708725
0.57,0.7792600312662845,0.8355873011864983,0.5560262570147066,0.5389771068950454,0.8957654723127035,0.11647606946209234,0.20614692653673164
0.58,0.7792600312662845,0.8368552471368826,0.555883600396593,0.538687095521157,0.898360655737705,0.11605252011859382,0.20555138784696175
0.59,0.7792600312662845,0.8394429085460058,0.5555982871603657,0.5381057248296813,0.9036544850498339,0.11520542143159677,0.20435762584522915
0.6,0.7793642522146952,0.8422961365180224,0.5555247485958876,0.5378868002084543,0.9093959731543624,0.11478187208809826,0.20383602858217376
